leading,coincident,lagging,leading_diffusion,coincident_diffusion,gdp,gni,Net migration,USD,inflation,year,month
75.0,68.4,55.3,83.3,100.0,281795.0,266699.0,79266.0,2.4912,2.662514597119481,1997,1
72.9,67.4,54.9,66.7,80.0,281795.0,266699.0,79266.0,2.4861,2.662514597119481,1997,2
74.5,68.3,55.5,66.7,100.0,281795.0,266699.0,79266.0,2.4769,2.662514597119481,1997,3
73.4,68.4,55.5,83.3,100.0,281795.0,266699.0,79266.0,2.5001,2.662514597119481,1997,4
73.3,68.6,55.4,33.3,100.0,281795.0,266699.0,79266.0,2.507,2.662514597119481,1997,5
73.6,68.6,55.8,50.0,100.0,281795.0,266699.0,79266.0,2.5158,2.662514597119481,1997,6
72.9,68.9,55.7,0.0,80.0,281795.0,266699.0,79266.0,2.5729,2.662514597119481,1997,7
72.8,69.1,56.0,66.7,80.0,281795.0,266699.0,79266.0,2.7476,2.662514597119481,1997,8
72.7,69.1,56.0,16.7,80.0,281795.0,266699.0,79266.0,3.0134,2.662514597119481,1997,9
72.4,69.4,56.5,50.0,100.0,281795.0,266699.0,79266.0,3.2856,2.662514597119481,1997,10
70.9,69.4,56.7,33.3,100.0,281795.0,266699.0,79266.0,3.3864,2.662514597119481,1997,11
71.4,69.4,56.5,33.3,80.0,281795.0,266699.0,79266.0,3.7688,2.662514597119481,1997,12
69.5,68.7,56.7,16.7,60.0,283243.0,267923.0,99639.0,4.3985,5.270342003487638,1998,1
70.0,68.4,58.1,16.7,20.0,283243.0,267923.0,99639.0,3.8245,5.270342003487638,1998,2
69.3,68.1,57.4,16.7,20.0,283243.0,267923.0,99639.0,3.7408,5.270342003487638,1998,3
68.1,67.5,57.0,16.7,20.0,283243.0,267923.0,99639.0,3.7316,5.270342003487638,1998,4
67.9,66.8,57.3,33.3,0.0,283243.0,267923.0,99639.0,3.8155,5.270342003487638,1998,5
67.2,66.7,57.8,0.0,20.0,283243.0,267923.0,99639.0,3.9967,5.270342003487638,1998,6
67.1,66.3,57.9,50.0,0.0,283243.0,267923.0,99639.0,4.1549,5.270342003487638,1998,7
66.5,65.9,57.5,33.3,0.0,283243.0,267923.0,99639.0,4.1982,5.270342003487638,1998,8
67.1,66.0,58.6,33.3,0.0,283243.0,267923.0,99639.0,3.8138,5.270342003487638,1998,9
67.1,65.9,58.8,50.0,0.0,283243.0,267923.0,99639.0,3.8,5.270342003487638,1998,10
67.8,65.7,58.7,66.7,40.0,283243.0,267923.0,99639.0,3.8,5.270342003487638,1998,11
69.0,66.1,58.7,66.7,40.0,283243.0,267923.0,99639.0,3.8,5.270342003487638,1998,12
68.4,65.8,59.1,66.7,20.0,300764.0,279878.0,89335.0,3.8,2.744561302406101,1999,1
68.7,66.5,58.6,83.3,80.0,300764.0,279878.0,89335.0,3.8,2.744561302406101,1999,2
68.7,67.8,59.4,83.3,80.0,300764.0,279878.0,89335.0,3.8,2.744561302406101,1999,3
70.8,69.0,59.8,100.0,100.0,300764.0,279878.0,89335.0,3.8,2.744561302406101,1999,4
71.4,69.0,60.1,100.0,100.0,300764.0,279878.0,89335.0,3.8,2.744561302406101,1999,5
72.1,69.7,59.8,83.3,100.0,300764.0,279878.0,89335.0,3.8,2.744561302406101,1999,6
73.0,70.3,60.5,83.3,100.0,300764.0,279878.0,89335.0,3.8,2.744561302406101,1999,7
72.6,70.5,60.5,83.3,100.0,300764.0,279878.0,89335.0,3.8,2.744561302406101,1999,8
73.2,70.9,61.1,100.0,100.0,300764.0,279878.0,89335.0,3.8,2.744561302406101,1999,9
73.0,70.9,61.5,66.7,80.0,300764.0,279878.0,89335.0,3.8,2.744561302406101,1999,10
73.5,71.7,61.6,100.0,100.0,300764.0,279878.0,89335.0,3.8,2.744561302406101,1999,11
76.0,72.3,62.5,83.3,100.0,300764.0,279878.0,89335.0,3.8,2.744561302406101,1999,12
75.1,73.6,64.3,83.3,100.0,356401.0,327492.0,125499.0,3.8,1.573488339375917,2000,1
76.2,74.8,65.1,83.3,100.0,356401.0,327492.0,125499.0,3.8,1.573488339375917,2000,2
76.5,74.7,65.2,83.3,100.0,356401.0,327492.0,125499.0,3.8,1.573488339375917,2000,3
76.7,74.3,65.2,83.3,100.0,356401.0,327492.0,125499.0,3.8,1.573488339375917,2000,4
76.7,75.6,65.1,100.0,100.0,356401.0,327492.0,125499.0,3.8,1.573488339375917,2000,5
76.2,76.3,65.2,66.7,75.0,356401.0,327492.0,125499.0,3.8,1.573488339375917,2000,6
76.5,75.9,65.9,50.0,75.0,356401.0,327492.0,125499.0,3.8,1.573488339375917,2000,7
77.1,76.7,65.9,66.7,75.0,356401.0,327492.0,125499.0,3.8,1.573488339375917,2000,8
76.1,76.9,66.2,33.3,75.0,356401.0,327492.0,125499.0,3.8,1.573488339375917,2000,9
76.4,76.8,66.3,33.3,75.0,356401.0,327492.0,125499.0,3.8,1.573488339375917,2000,10
76.2,77.3,66.5,33.3,75.0,356401.0,327492.0,125499.0,3.8,1.573488339375917,2000,11
76.1,76.8,66.8,33.3,50.0,356401.0,327492.0,125499.0,3.8,1.573488339375917,2000,12
75.7,76.9,66.8,33.3,50.0,352579.0,326956.0,173613.0,3.8,1.4069935857645488,2001,1
75.9,77.5,67.5,50.0,75.0,352579.0,326956.0,173613.0,3.8,1.4069935857645488,2001,2
74.6,77.7,67.4,16.7,75.0,352579.0,326956.0,173613.0,3.8,1.4069935857645488,2001,3
74.3,76.4,67.4,16.7,25.0,352579.0,326956.0,173613.0,3.8,1.4069935857645488,2001,4
74.3,75.8,67.9,16.7,0.0,352579.0,326956.0,173613.0,3.8,1.4069935857645488,2001,5
74.8,75.1,66.8,33.3,25.0,352579.0,326956.0,173613.0,3.8,1.4069935857645488,2001,6
74.9,75.0,67.3,50.0,0.0,352579.0,326956.0,173613.0,3.8,1.4069935857645488,2001,7
74.8,75.0,67.4,33.3,25.0,352579.0,326956.0,173613.0,3.8,1.4069935857645488,2001,8
75.2,74.8,67.2,50.0,0.0,352579.0,326956.0,173613.0,3.8,1.4069935857645488,2001,9
75.5,75.0,66.9,66.7,25.0,352579.0,326956.0,173613.0,3.8,1.4069935857645488,2001,10
76.2,74.6,66.9,100.0,50.0,352579.0,326956.0,173613.0,3.8,1.4069935857645488,2001,11
75.6,73.7,67.1,50.0,0.0,352579.0,326956.0,173613.0,3.8,1.4069935857645488,2001,12
76.4,74.0,66.6,66.7,50.0,383213.0,358152.0,196227.0,3.8,1.7955519281779075,2002,1
76.1,73.1,67.4,50.0,0.0,383213.0,358152.0,196227.0,3.8,1.7955519281779075,2002,2
76.7,73.7,68.3,83.3,25.0,383213.0,358152.0,196227.0,3.8,1.7955519281779075,2002,3
77.4,73.9,69.3,83.3,25.0,383213.0,358152.0,196227.0,3.8,1.7955519281779075,2002,4
77.5,74.4,68.2,66.7,50.0,383213.0,358152.0,196227.0,3.8,1.7955519281779075,2002,5
77.2,75.3,68.6,66.7,100.0,383213.0,358152.0,196227.0,3.8,1.7955519281779075,2002,6
77.6,75.7,69.2,50.0,100.0,383213.0,358152.0,196227.0,3.8,1.7955519281779075,2002,7
77.6,75.6,69.9,100.0,100.0,383213.0,358152.0,196227.0,3.8,1.7955519281779075,2002,8
77.2,75.5,69.4,50.0,100.0,383213.0,358152.0,196227.0,3.8,1.7955519281779075,2002,9
77.7,75.5,69.8,83.3,100.0,383213.0,358152.0,196227.0,3.8,1.7955519281779075,2002,10
78.0,75.5,69.1,50.0,100.0,383213.0,358152.0,196227.0,3.8,1.7955519281779075,2002,11
75.8,74.7,68.4,16.7,25.0,383213.0,358152.0,196227.0,3.8,1.7955519281779075,2002,12
77.2,75.7,70.3,33.3,50.0,418769.0,396232.0,199510.0,3.8,1.0924032872319245,2003,1
77.8,75.5,69.8,16.7,25.0,418769.0,396232.0,199510.0,3.8,1.0924032872319245,2003,2
77.0,75.4,69.7,33.3,75.0,418769.0,396232.0,199510.0,3.8,1.0924032872319245,2003,3
77.4,76.1,70.0,50.0,100.0,418769.0,396232.0,199510.0,3.8,1.0924032872319245,2003,4
77.8,76.1,69.8,66.7,100.0,418769.0,396232.0,199510.0,3.8,1.0924032872319245,2003,5
78.2,76.0,69.7,100.0,75.0,418769.0,396232.0,199510.0,3.8,1.0924032872319245,2003,6
78.7,77.0,70.2,71.4,100.0,418769.0,396232.0,199510.0,3.8,1.0924032872319245,2003,7
78.4,76.7,70.1,71.4,80.0,418769.0,396232.0,199510.0,3.8,1.0924032872319245,2003,8
79.5,76.7,70.3,85.7,100.0,418769.0,396232.0,199510.0,3.8,1.0924032872319245,2003,9
80.2,77.2,70.3,71.4,80.0,418769.0,396232.0,199510.0,3.8,1.0924032872319245,2003,10
80.0,77.3,70.3,57.1,80.0,418769.0,396232.0,199510.0,3.8,1.0924032872319245,2003,11
80.2,78.3,70.6,85.7,100.0,418769.0,396232.0,199510.0,3.8,1.0924032872319245,2003,12
80.6,78.1,71.0,57.1,60.0,474048.0,449646.0,212278.0,3.8,1.4077525527907089,2004,1
81.5,78.8,70.7,85.7,100.0,474048.0,449646.0,212278.0,3.8,1.4077525527907089,2004,2
83.2,78.7,70.7,85.7,100.0,474048.0,449646.0,212278.0,3.8,1.4077525527907089,2004,3
82.1,79.3,71.4,71.4,100.0,474048.0,449646.0,212278.0,3.8,1.4077525527907089,2004,4
82.0,78.6,71.2,85.7,100.0,474048.0,449646.0,212278.0,3.8,1.4077525527907089,2004,5
82.7,78.7,71.5,85.7,60.0,474048.0,449646.0,212278.0,3.8,1.4077525527907089,2004,6
82.3,78.6,71.4,85.7,80.0,474048.0,449646.0,212278.0,3.8,1.4077525527907089,2004,7
82.4,78.6,71.9,57.1,40.0,474048.0,449646.0,212278.0,3.8,1.4077525527907089,2004,8
82.7,78.5,71.9,28.6,60.0,474048.0,449646.0,212278.0,3.8,1.4077525527907089,2004,9
82.1,78.8,72.5,28.6,40.0,474048.0,449646.0,212278.0,3.8,1.4077525527907089,2004,10
82.0,78.2,72.7,42.9,40.0,474048.0,449646.0,212278.0,3.8,1.4077525527907089,2004,11
83.1,79.2,72.6,57.1,60.0,474048.0,449646.0,212278.0,3.8,1.4077525527907089,2004,12
82.6,78.8,72.3,71.4,80.0,543578.0,519635.0,225864.0,3.8,2.9719425163750035,2005,1
84.1,79.2,72.6,85.7,80.0,543578.0,519635.0,225864.0,3.8,2.9719425163750035,2005,2
83.5,79.7,72.8,85.7,80.0,543578.0,519635.0,225864.0,3.8,2.9719425163750035,2005,3
83.4,79.4,73.6,71.4,80.0,543578.0,519635.0,225864.0,3.8,2.9719425163750035,2005,4
83.6,79.0,73.7,71.4,60.0,543578.0,519635.0,225864.0,3.8,2.9719425163750035,2005,5
83.5,79.3,74.3,71.4,60.0,543578.0,519635.0,225864.0,3.8,2.9719425163750035,2005,6
84.2,79.0,73.6,57.1,50.0,543578.0,519635.0,225864.0,3.7878,2.9719425163750035,2005,7
84.1,79.6,74.5,57.1,33.3,543578.0,519635.0,225864.0,3.7587,2.9719425163750035,2005,8
84.6,80.0,74.6,85.7,33.3,543578.0,519635.0,225864.0,3.7686,2.9719425163750035,2005,9
84.8,80.3,75.0,71.4,83.3,543578.0,519635.0,225864.0,3.773,2.9719425163750035,2005,10
83.4,80.5,74.6,57.1,83.3,543578.0,519635.0,225864.0,3.779,2.9719425163750035,2005,11
84.9,80.3,75.0,100.0,66.7,543578.0,519635.0,225864.0,3.778,2.9719425163750035,2005,12
84.2,80.4,74.8,42.9,83.3,596784.0,579490.0,232971.0,3.7527,3.617203076046716,2006,1
85.7,81.8,74.6,71.4,83.3,596784.0,579490.0,232971.0,3.7253,3.617203076046716,2006,2
84.2,82.2,75.7,28.6,66.7,596784.0,579490.0,232971.0,3.7046,3.617203076046716,2006,3
84.2,82.3,75.4,28.6,66.7,596784.0,579490.0,232971.0,3.6628,3.617203076046716,2006,4
84.9,82.9,75.8,71.4,66.7,596784.0,579490.0,232971.0,3.6154,3.617203076046716,2006,5
85.4,83.5,75.3,57.1,100.0,596784.0,579490.0,232971.0,3.6659,3.617203076046716,2006,6
85.2,83.5,75.5,71.4,66.7,596784.0,579490.0,232971.0,3.6687,3.617203076046716,2006,7
86.4,84.2,75.8,71.4,83.3,596784.0,579490.0,232971.0,3.675,3.617203076046716,2006,8
85.8,84.8,75.9,71.4,100.0,596784.0,579490.0,232971.0,3.6721,3.617203076046716,2006,9
86.6,84.1,76.3,85.7,66.7,596784.0,579490.0,232971.0,3.6789,3.617203076046716,2006,10
87.4,86.4,76.0,71.4,100.0,596784.0,579490.0,232971.0,3.6438,3.617203076046716,2006,11
87.4,85.5,76.2,71.4,100.0,596784.0,579490.0,232971.0,3.5533,3.617203076046716,2006,12
88.5,85.6,76.7,100.0,83.3,665340.0,651355.0,229784.0,3.5077,2.0432472054242368,2007,1
88.8,85.1,76.5,85.7,50.0,665340.0,651355.0,229784.0,3.4961,2.0432472054242368,2007,2
89.3,88.2,76.1,100.0,83.3,665340.0,651355.0,229784.0,3.4918,2.0432472054242368,2007,3
88.9,87.9,77.2,57.1,100.0,665340.0,651355.0,229784.0,3.4389,2.0432472054242368,2007,4
89.7,88.3,77.4,71.4,66.7,665340.0,651355.0,229784.0,3.4013,2.0432472054242368,2007,5
89.2,87.7,78.0,57.1,100.0,665340.0,651355.0,229784.0,3.4451,2.0432472054242368,2007,6
90.0,87.9,78.1,57.1,83.3,665340.0,651355.0,229784.0,3.4422,2.0432472054242368,2007,7
89.5,87.9,78.2,57.1,100.0,665340.0,651355.0,229784.0,3.4839,2.0432472054242368,2007,8
89.4,88.5,78.6,57.1,66.7,665340.0,651355.0,229784.0,3.474,2.0432472054242368,2007,9
90.9,88.0,79.3,71.4,66.7,665340.0,651355.0,229784.0,3.3785,2.0432472054242368,2007,10
90.2,89.0,79.2,42.9,50.0,665340.0,651355.0,229784.0,3.3575,2.0432472054242368,2007,11
91.4,89.8,79.4,71.4,83.3,665340.0,651355.0,229784.0,3.3342,2.0432472054242368,2007,12
91.2,87.7,79.8,71.4,66.7,769949.0,746915.0,202481.0,3.2679,5.423363562898431,2008,1
90.9,87.0,79.8,57.1,66.7,769949.0,746915.0,202481.0,3.2223,5.423363562898431,2008,2
90.4,86.5,79.4,42.9,66.7,769949.0,746915.0,202481.0,3.1868,5.423363562898431,2008,3
90.8,86.9,81.2,28.6,66.7,769949.0,746915.0,202481.0,3.1621,5.423363562898431,2008,4
90.4,86.2,81.6,28.6,50.0,769949.0,746915.0,202481.0,3.218,5.423363562898431,2008,5
89.3,85.3,82.2,14.3,16.7,769949.0,746915.0,202481.0,3.2584,5.423363562898431,2008,6
88.5,86.0,82.2,14.3,16.7,769949.0,746915.0,202481.0,3.2499,5.423363562898431,2008,7
87.6,85.5,82.3,0.0,16.7,769949.0,746915.0,202481.0,3.3273,5.423363562898431,2008,8
88.5,86.1,83.9,28.6,50.0,769949.0,746915.0,202481.0,3.4416,5.423363562898431,2008,9
87.2,84.6,82.8,0.0,33.3,769949.0,746915.0,202481.0,3.5264,5.423363562898431,2008,10
86.5,83.3,84.1,0.0,16.7,769949.0,746915.0,202481.0,3.587,5.423363562898431,2008,11
84.7,81.9,84.3,14.3,33.3,769949.0,746915.0,202481.0,3.5518,5.423363562898431,2008,12
85.2,80.5,82.7,42.9,16.7,712857.0,698643.0,178410.0,3.5662,0.5962013457116111,2009,1
85.4,81.3,82.7,42.9,16.7,712857.0,698643.0,178410.0,3.6386,0.5962013457116111,2009,2
85.7,79.4,82.9,28.6,0.0,712857.0,698643.0,178410.0,3.673,0.5962013457116111,2009,3
87.8,79.8,81.3,71.4,0.0,712857.0,698643.0,178410.0,3.61,0.5962013457116111,2009,4
88.0,79.8,82.2,71.4,16.7,712857.0,698643.0,178410.0,3.5224,0.5962013457116111,2009,5
88.8,80.8,82.4,100.0,66.7,712857.0,698643.0,178410.0,3.5182,0.5962013457116111,2009,6
89.7,82.3,82.6,85.7,66.7,712857.0,698643.0,178410.0,3.5475,0.5962013457116111,2009,7
89.5,82.6,83.3,100.0,83.3,712857.0,698643.0,178410.0,3.5177,0.5962013457116111,2009,8
89.5,82.3,83.2,85.7,83.3,712857.0,698643.0,178410.0,3.4969,0.5962013457116111,2009,9
89.9,83.6,83.6,85.7,83.3,712857.0,698643.0,178410.0,3.4037,0.5962013457116111,2009,10
91.6,83.7,83.8,100.0,100.0,712857.0,698643.0,178410.0,3.3894,0.5962013457116111,2009,11
91.2,84.0,84.6,100.0,83.3,712857.0,698643.0,178410.0,3.4117,0.5962013457116111,2009,12
90.8,85.0,84.3,85.7,100.0,821434.0,795303.0,157164.0,3.3752,1.6171365676064695,2010,1
91.1,85.2,85.0,42.9,83.3,821434.0,795303.0,157164.0,3.4157,1.6171365676064695,2010,2
92.5,86.8,85.4,85.7,100.0,821434.0,795303.0,157164.0,3.3255,1.6171365676064695,2010,3
91.4,86.8,85.3,71.4,100.0,821434.0,795303.0,157164.0,3.2062,1.6171365676064695,2010,4
91.4,87.4,85.3,42.9,100.0,821434.0,795303.0,157164.0,3.2535,1.6171365676064695,2010,5
91.6,87.2,85.9,42.9,100.0,821434.0,795303.0,157164.0,3.2645,1.6171365676064695,2010,6
91.3,86.9,85.3,71.4,66.7,821434.0,795303.0,157164.0,3.2085,1.6171365676064695,2010,7
92.2,87.5,86.2,71.4,83.3,821434.0,795303.0,157164.0,3.1538,1.6171365676064695,2010,8
92.5,87.9,85.9,57.1,50.0,821434.0,795303.0,157164.0,3.1062,1.6171365676064695,2010,9
92.5,88.8,85.6,71.4,83.3,821434.0,795303.0,157164.0,3.1005,1.6171365676064695,2010,10
93.4,88.9,86.0,71.4,66.7,821434.0,795303.0,157164.0,3.115,1.6171365676064695,2010,11
94.1,88.8,86.1,85.7,83.3,821434.0,795303.0,157164.0,3.1284,1.6171365676064695,2010,12
93.9,90.3,87.5,85.7,100.0,911733.0,890133.0,122269.0,3.0611,3.182802866188972,2011,1
93.2,88.7,86.6,57.1,83.3,911733.0,890133.0,122269.0,3.0442,3.182802866188972,2011,2
93.0,90.4,87.4,42.9,100.0,911733.0,890133.0,122269.0,3.0368,3.182802866188972,2011,3
92.8,89.8,89.0,42.9,66.7,911733.0,890133.0,122269.0,3.0127,3.182802866188972,2011,4
92.9,89.6,88.4,42.9,50.0,911733.0,890133.0,122269.0,3.0132,3.182802866188972,2011,5
93.3,90.4,89.3,14.3,83.3,911733.0,890133.0,122269.0,3.0298,3.182802866188972,2011,6
93.0,91.8,89.3,42.9,66.7,911733.0,890133.0,122269.0,2.995,3.182802866188972,2011,7
93.2,90.7,89.6,57.1,66.7,911733.0,890133.0,122269.0,2.9853,3.182802866188972,2011,8
93.5,90.2,89.2,57.1,50.0,911733.0,890133.0,122269.0,3.0856,3.182802866188972,2011,9
94.6,89.9,90.2,71.4,66.7,911733.0,890133.0,122269.0,3.1403,3.182802866188972,2011,10
94.2,90.4,90.4,42.9,66.7,911733.0,890133.0,122269.0,3.1534,3.182802866188972,2011,11
94.0,90.5,90.7,42.9,50.0,911733.0,890133.0,122269.0,3.1628,3.182802866188972,2011,12
94.4,90.3,90.4,71.4,50.0,971252.0,935410.0,134975.0,3.1136,1.6553617571059442,2012,1
96.1,93.2,90.5,100.0,83.3,971252.0,935410.0,134975.0,3.0236,1.6553617571059442,2012,2
95.2,92.9,91.8,71.4,100.0,971252.0,935410.0,134975.0,3.0443,1.6553617571059442,2012,3
94.9,92.1,92.4,71.4,66.7,971252.0,935410.0,134975.0,3.0619,1.6553617571059442,2012,4
95.2,92.6,92.3,71.4,83.3,971252.0,935410.0,134975.0,3.103,1.6553617571059442,2012,5
95.6,92.6,91.9,85.7,100.0,971252.0,935410.0,134975.0,3.179,1.6553617571059442,2012,6
95.2,92.2,91.3,71.4,83.3,971252.0,935410.0,134975.0,3.1682,1.6553617571059442,2012,7
95.3,93.0,92.5,28.6,50.0,971252.0,935410.0,134975.0,3.1172,1.6553617571059442,2012,8
94.7,93.0,91.8,28.6,83.3,971252.0,935410.0,134975.0,3.0824,1.6553617571059442,2012,9
95.0,93.0,92.4,57.1,66.7,971252.0,935410.0,134975.0,3.0581,1.6553617571059442,2012,10
94.3,93.8,92.5,28.6,83.3,971252.0,935410.0,134975.0,3.0585,1.6553617571059442,2012,11
95.5,93.5,92.8,28.6,83.3,971252.0,935410.0,134975.0,3.0559,1.6553617571059442,2012,12
95.7,94.3,93.1,57.1,100.0,1018614.0,984639.0,149637.0,3.0389,2.105012312336152,2013,1
97.1,93.5,92.7,28.6,66.7,1018614.0,984639.0,149637.0,3.0978,2.105012312336152,2013,2
98.0,94.9,93.8,85.7,66.7,1018614.0,984639.0,149637.0,3.1076,2.105012312336152,2013,3
98.3,95.2,93.2,71.4,100.0,1018614.0,984639.0,149637.0,3.0498,2.105012312336152,2013,4
98.3,95.5,93.9,71.4,83.3,1018614.0,984639.0,149637.0,3.0168,2.105012312336152,2013,5
97.9,95.1,93.9,71.4,100.0,1018614.0,984639.0,149637.0,3.1489,2.105012312336152,2013,6
97.5,96.1,94.7,71.4,100.0,1018614.0,984639.0,149637.0,3.1906,2.105012312336152,2013,7
97.9,95.6,93.6,85.7,100.0,1018614.0,984639.0,149637.0,3.2817,2.105012312336152,2013,8
98.8,96.1,94.5,71.4,66.7,1018614.0,984639.0,149637.0,3.2503,2.105012312336152,2013,9
98.9,96.5,93.1,85.7,66.7,1018614.0,984639.0,149637.0,3.1788,2.105012312336152,2013,10
98.2,96.8,95.4,57.1,66.7,1018614.0,984639.0,149637.0,3.2006,2.105012312336152,2013,11
97.8,97.5,96.1,42.9,100.0,1018614.0,984639.0,149637.0,3.2493,2.105012312336152,2013,12
98.2,97.0,96.5,71.4,66.7,1106443.0,1069819.0,159791.0,3.3044,3.1429905087910326,2014,1
98.6,97.3,96.5,57.1,83.3,1106443.0,1069819.0,159791.0,3.3082,3.1429905087910326,2014,2
98.2,96.2,96.8,28.6,83.3,1106443.0,1069819.0,159791.0,3.283,3.1429905087910326,2014,3
99.6,97.8,98.5,57.1,83.3,1106443.0,1069819.0,159791.0,3.2579,3.1429905087910326,2014,4
99.4,97.7,97.5,85.7,66.7,1106443.0,1069819.0,159791.0,3.2285,3.1429905087910326,2014,5
98.9,98.2,97.8,71.4,66.7,1106443.0,1069819.0,159791.0,3.2184,3.1429905087910326,2014,6
99.7,98.3,97.3,57.1,66.7,1106443.0,1069819.0,159791.0,3.1842,3.1429905087910326,2014,7
99.7,99.2,97.9,85.7,66.7,1106443.0,1069819.0,159791.0,3.1784,3.1429905087910326,2014,8
100.4,99.0,97.8,85.7,83.3,1106443.0,1069819.0,159791.0,3.2181,3.1429905087910326,2014,9
99.7,99.1,98.5,57.1,83.3,1106443.0,1069819.0,159791.0,3.2688,3.1429905087910326,2014,10
100.5,99.1,97.9,85.7,66.7,1106443.0,1069819.0,159791.0,3.344,3.1429905087910326,2014,11
101.0,99.6,97.7,71.4,83.3,1106443.0,1069819.0,159791.0,3.4803,3.1429905087910326,2014,12
100.3,100.2,98.9,71.4,83.3,1176941.0,1144829.0,187663.0,3.5835,2.1043898023834773,2015,1
99.8,99.8,98.9,57.1,50.0,1176941.0,1144829.0,187663.0,3.5926,2.1043898023834773,2015,2
101.1,100.5,99.8,42.9,83.3,1176941.0,1144829.0,187663.0,3.6809,2.1043898023834773,2015,3
100.8,99.8,98.5,57.1,83.3,1176941.0,1144829.0,187663.0,3.6356,2.1043898023834773,2015,4
99.4,99.4,99.6,28.6,50.0,1176941.0,1144829.0,187663.0,3.6036,2.1043898023834773,2015,5
99.8,99.6,99.8,14.3,50.0,1176941.0,1144829.0,187663.0,3.7391,2.1043898023834773,2015,6
100.3,98.9,100.0,57.1,33.3,1176941.0,1144829.0,187663.0,3.8011,2.1043898023834773,2015,7
99.1,99.8,99.6,14.3,50.0,1176941.0,1144829.0,187663.0,4.0601,2.1043898023834773,2015,8
100.0,100.2,100.4,14.3,50.0,1176941.0,1144829.0,187663.0,4.3117,2.1043898023834773,2015,9
99.9,100.5,101.4,14.3,66.7,1176941.0,1144829.0,187663.0,4.2681,2.1043898023834773,2015,10
99.6,100.5,101.9,42.9,66.7,1176941.0,1144829.0,187663.0,4.3086,2.1043898023834773,2015,11
99.8,100.8,101.2,42.9,66.7,1176941.0,1144829.0,187663.0,4.2811,2.1043898023834773,2015,12
99.3,101.9,100.5,42.9,83.3,1249698.0,1215105.0,222141.0,4.3481,2.075792273029453,2016,1
98.7,102.0,101.0,71.4,66.7,1249698.0,1215105.0,222141.0,4.1859,2.075792273029453,2016,2
99.0,101.8,100.7,57.1,83.3,1249698.0,1215105.0,222141.0,4.0768,2.075792273029453,2016,3
98.2,101.4,100.5,28.6,66.7,1249698.0,1215105.0,222141.0,3.9045,2.075792273029453,2016,4
98.8,101.3,100.5,57.1,50.0,1249698.0,1215105.0,222141.0,4.0482,2.075792273029453,2016,5
99.5,102.3,101.7,57.1,83.3,1249698.0,1215105.0,222141.0,4.0871,2.075792273029453,2016,6
97.9,101.5,100.4,42.9,50.0,1249698.0,1215105.0,222141.0,4.0195,2.075792273029453,2016,7
99.3,102.3,102.5,42.9,50.0,1249698.0,1215105.0,222141.0,4.0269,2.075792273029453,2016,8
99.3,103.5,103.1,42.9,100.0,1249698.0,1215105.0,222141.0,4.1087,2.075792273029453,2016,9
98.6,103.5,102.4,57.1,100.0,1249698.0,1215105.0,222141.0,4.1776,2.075792273029453,2016,10
98.2,103.8,103.2,42.9,100.0,1249698.0,1215105.0,222141.0,4.3349,2.075792273029453,2016,11
99.5,104.2,103.8,57.1,100.0,1249698.0,1215105.0,222141.0,4.4615,2.075792273029453,2016,12
99.9,103.8,103.6,71.4,83.3,1372309.832,1333651.56,227677.0,4.4596,3.7993920972644313,2017,1
100.0,104.7,104.0,71.4,83.3,1372309.832,1333651.56,227677.0,4.446,3.7993920972644313,2017,2
100.9,105.2,105.0,85.7,50.0,1372309.832,1333651.56,227677.0,4.4393,3.7993920972644313,2017,3
99.7,105.7,105.7,57.1,83.3,1372309.832,1333651.56,227677.0,4.4072,3.7993920972644313,2017,4
100.9,106.5,104.9,85.7,100.0,1372309.832,1333651.56,227677.0,4.3138,3.7993920972644313,2017,5
100.2,106.7,105.9,57.1,83.3,1372309.832,1333651.56,227677.0,4.2765,3.7993920972644313,2017,6
100.8,107.2,106.0,71.4,100.0,1372309.832,1333651.56,227677.0,4.2903,3.7993920972644313,2017,7
102.0,107.2,107.2,71.4,83.3,1372309.832,1333651.56,227677.0,4.2843,3.7993920972644313,2017,8
102.1,107.2,105.9,71.4,100.0,1372309.832,1333651.56,227677.0,4.2089,3.7993920972644313,2017,9
101.9,107.3,107.3,85.7,100.0,1372309.832,1333651.56,227677.0,4.2289,3.7993920972644313,2017,10
102.6,107.7,107.2,71.4,100.0,1372309.832,1333651.56,227677.0,4.1725,3.7993920972644313,2017,11
101.4,107.8,107.6,85.7,100.0,1372309.832,1333651.56,227677.0,4.078,3.7993920972644313,2017,12
102.3,107.4,109.1,71.4,66.7,1447760.0,1402677.0,221965.0,3.9578,0.9691138534476896,2018,1
102.2,108.8,108.9,57.1,66.7,1447760.0,1402677.0,221965.0,3.9123,0.9691138534476896,2018,2
102.2,109.8,110.5,42.9,83.3,1447760.0,1402677.0,221965.0,3.9031,0.9691138534476896,2018,3
102.0,110.7,111.4,57.1,100.0,1447760.0,1402677.0,221965.0,3.8862,0.9691138534476896,2018,4
100.7,110.1,111.1,14.3,100.0,1447760.0,1402677.0,221965.0,3.9644,0.9691138534476896,2018,5
100.8,110.0,110.3,28.6,83.3,1447760.0,1402677.0,221965.0,3.9999,0.9691138534476896,2018,6
100.6,110.1,111.7,28.6,100.0,1447760.0,1402677.0,221965.0,4.0493,0.9691138534476896,2018,7
100.9,110.2,112.1,14.3,83.3,1447760.0,1402677.0,221965.0,4.0917,0.9691138534476896,2018,8
100.0,111.3,111.5,14.3,83.3,1447760.0,1402677.0,221965.0,4.1396,0.9691138534476896,2018,9
100.3,111.4,113.6,28.6,66.7,1447760.0,1402677.0,221965.0,4.1584,0.9691138534476896,2018,10
100.3,110.6,113.5,57.1,83.3,1447760.0,1402677.0,221965.0,4.1867,0.9691138534476896,2018,11
99.3,110.8,113.3,0.0,66.7,1447760.0,1402677.0,221965.0,4.1729,0.9691138534476896,2018,12
101.0,111.7,114.6,57.1,83.3,1512738.0,1473242.0,203284.0,4.1161,0.6628918657644034,2019,1
99.1,112.0,115.4,14.3,83.3,1512738.0,1473242.0,203284.0,4.0746,0.6628918657644034,2019,2
100.2,112.5,113.7,71.4,83.3,1512738.0,1473242.0,203284.0,4.079,0.6628918657644034,2019,3
102.5,113.6,114.5,100.0,83.3,1512738.0,1473242.0,203284.0,4.114,0.6628918657644034,2019,4
100.9,114.4,115.0,57.1,100.0,1512738.0,1473242.0,203284.0,4.1709,0.6628918657644034,2019,5
100.5,113.9,114.2,71.4,100.0,1512738.0,1473242.0,203284.0,4.1617,0.6628918657644034,2019,6
101.3,114.0,114.8,57.1,83.3,1512738.0,1473242.0,203284.0,4.1244,0.6628918657644034,2019,7
101.0,113.9,115.5,57.1,100.0,1512738.0,1473242.0,203284.0,4.1881,0.6628918657644034,2019,8
100.2,113.1,114.9,42.9,66.7,1512738.0,1473242.0,203284.0,4.1855,0.6628918657644034,2019,9
102.3,113.6,116.0,42.9,66.7,1512738.0,1473242.0,203284.0,4.1879,0.6628918657644034,2019,10
101.7,113.7,115.3,57.1,50.0,1512738.0,1473242.0,203284.0,4.159,0.6628918657644034,2019,11
101.6,113.5,116.3,57.1,50.0,1512738.0,1473242.0,203284.0,4.1485,0.6628918657644034,2019,12
101.8,113.8,116.1,57.1,50.0,1418491.0,1389971.0,101907.0,4.0797,-1.1387021539305708,2020,1
102.6,115.6,114.9,85.7,100.0,1418491.0,1389971.0,101907.0,4.1634,-1.1387021539305708,2020,2
96.5,109.8,108.2,28.6,33.3,1418491.0,1389971.0,101907.0,4.2964,-1.1387021539305708,2020,3
96.5,94.8,118.3,28.6,0.0,1418491.0,1389971.0,101907.0,4.3553,-1.1387021539305708,2020,4
101.8,103.6,121.9,42.9,0.0,1418491.0,1389971.0,101907.0,4.3418,-1.1387021539305708,2020,5
105.6,111.2,123.0,57.1,50.0,1418491.0,1389971.0,101907.0,4.2755,-1.1387021539305708,2020,6
109.5,112.0,123.2,57.1,33.3,1418491.0,1389971.0,101907.0,4.2657,-1.1387021539305708,2020,7
109.4,111.5,124.0,57.1,0.0,1418491.0,1389971.0,101907.0,4.1907,-1.1387021539305708,2020,8
109.2,111.9,125.0,100.0,66.7,1418491.0,1389971.0,101907.0,4.1507,-1.1387021539305708,2020,9
109.0,111.0,123.7,100.0,100.0,1418491.0,1389971.0,101907.0,4.1527,-1.1387021539305708,2020,10
109.2,111.1,123.5,85.7,100.0,1418491.0,1389971.0,101907.0,4.1138,-1.1387021539305708,2020,11
109.2,111.9,124.2,71.4,66.7,1418491.0,1389971.0,101907.0,4.0562,-1.1387021539305708,2020,12
110.1,111.3,122.7,42.9,50.0,1548700.791,1506548.008,188506.0,4.0369,2.477102414654442,2021,1
111.4,113.2,123.4,71.4,83.3,1548700.791,1506548.008,188506.0,4.0454,2.477102414654442,2021,2
113.0,114.3,125.9,85.7,83.3,1548700.791,1506548.008,188506.0,4.1095,2.477102414654442,2021,3
111.4,114.2,125.9,57.1,83.3,1548700.791,1506548.008,188506.0,4.1241,2.477102414654442,2021,4
108.8,114.0,125.8,71.4,66.7,1548700.791,1506548.008,188506.0,4.1275,2.477102414654442,2021,5
106.1,107.9,118.8,28.6,33.3,1548700.791,1506548.008,188506.0,4.1348,2.477102414654442,2021,6
105.2,106.3,122.9,28.6,16.7,1548700.791,1506548.008,188506.0,4.1985,2.477102414654442,2021,7
107.0,109.7,124.5,14.3,16.7,1548700.791,1506548.008,188506.0,4.2229,2.477102414654442,2021,8
109.6,112.0,128.1,14.3,33.3,1548700.791,1506548.008,188506.0,4.1662,2.477102414654442,2021,9
109.2,113.1,128.2,42.9,33.3,1548700.791,1506548.008,188506.0,4.1634,2.477102414654442,2021,10
110.9,114.3,128.4,71.4,50.0,1548700.791,1506548.008,188506.0,4.1802,2.477102414654442,2021,11
111.4,114.5,129.5,71.4,100.0,1548700.791,1506548.008,188506.0,4.2101,2.477102414654442,2021,12
110.2,114.6,130.3,71.4,100.0,1793903.063,1736960.363,188154.0,4.1889,3.3786986254993545,2022,1
110.8,116.0,130.4,85.7,100.0,1793903.063,1736960.363,188154.0,4.1877,3.3786986254993545,2022,2
111.5,117.5,134.0,85.7,100.0,1793903.063,1736960.363,188154.0,4.2006,3.3786986254993545,2022,3
111.4,119.2,134.6,57.1,100.0,1793903.063,1736960.363,188154.0,4.2666,3.3786986254993545,2022,4
111.5,120.6,135.4,57.1,100.0,1793903.063,1736960.363,188154.0,4.3844,3.3786986254993545,2022,5
112.1,121.3,137.9,42.9,100.0,1793903.063,1736960.363,188154.0,4.4015,3.3786986254993545,2022,6
110.0,120.8,137.6,42.9,100.0,1793903.063,1736960.363,188154.0,4.4407,3.3786986254993545,2022,7
110.3,121.0,139.4,57.1,100.0,1793903.063,1736960.363,188154.0,4.4659,3.3786986254993545,2022,8
109.6,121.2,139.8,42.9,83.3,1793903.063,1736960.363,188154.0,4.5445,3.3786986254993545,2022,9
109.4,120.6,140.7,28.6,83.3,1793903.063,1736960.363,188154.0,4.6951,3.3786986254993545,2022,10
110.0,120.6,139.8,28.6,50.0,1793903.063,1736960.363,188154.0,4.6228,3.3786986254993545,2022,11
109.8,120.3,138.9,57.1,50.0,1793903.063,1736960.363,188154.0,4.4142,3.3786986254993545,2022,12
108.5,120.2,140.2,28.57142857142857,50.0,1822904.443,1769983.144,181071.0,4.329,2.4888656012575394,2023,1
110.5,121.9,140.1,42.85714285714285,66.66666666666666,1822904.443,1769983.144,181071.0,4.377,2.4888656012575394,2023,2
109.7,122.2,139.6,42.85714285714285,66.66666666666666,1822904.443,1769983.144,181071.0,4.466,2.4888656012575394,2023,3
108.4,121.7,138.9,57.14285714285714,66.66666666666666,1822904.443,1769983.144,181071.0,4.4227,2.4888656012575394,2023,4
110.0,123.4,141.4,57.14285714285714,100.0,1822904.443,1769983.144,181071.0,4.5227,2.4888656012575394,2023,5
109.6,123.2,139.8,42.85714285714285,83.33333333333334,1822904.443,1769983.144,181071.0,4.6336,2.4888656012575394,2023,6
109.4,123.8,140.2,57.14285714285714,100.0,1822904.443,1769983.144,181071.0,4.5962,2.4888656012575394,2023,7
109.9,123.9,141.3,57.14285714285714,100.0,1822904.443,1769983.144,181071.0,4.608,2.4888656012575394,2023,8
109.5,124.0,141.2,42.85714285714285,100.0,1822904.443,1769983.144,181071.0,4.6795,2.4888656012575394,2023,9
109.5,124.3,143.0,71.42857142857143,83.33333333333334,1822904.443,1769983.144,181071.0,4.7461,2.4888656012575394,2023,10
109.9,124.1,143.2,57.14285714285714,66.66666666666666,1822904.443,1769983.144,181071.0,4.6878,2.4888656012575394,2023,11
110.2,123.9,143.7,42.85714285714285,66.66666666666666,1822904.443,1769983.144,181071.0,4.659,2.4888656012575394,2023,12
112.1,124.7,143.8,71.4,100.0,1931124.522,1869635.953,174770.0,4.683,1.8341002044989676,2024,1
112.4,124.7,143.2,85.7,66.7,1931124.522,1869635.953,174770.0,4.7723,1.8341002044989676,2024,2
111.9,125.1,143.2,57.1,66.7,1931124.522,1869635.953,174770.0,4.7153,1.8341002044989676,2024,3
113.0,125.4,143.7,85.7,66.7,1931124.522,1869635.953,174770.0,4.7671,1.8341002044989676,2024,4
113.7,126.0,144.0,100.0,83.3,1931124.522,1869635.953,174770.0,4.7183,1.8341002044989676,2024,5
113.6,126.1,143.7,85.7,83.3,1931124.522,1869635.953,174770.0,4.7101,1.8341002044989676,2024,6
114.9,126.9,144.9,71.4,100.0,1931124.522,1869635.953,174770.0,4.6796,1.8341002044989676,2024,7
114.3,126.3,144.3,71.4,100.0,1931124.522,1869635.953,174770.0,4.4174,1.8341002044989676,2024,8
112.4,125.8,143.1,71.4,66.7,1931124.522,1869635.953,174770.0,4.2626,1.8341002044989676,2024,9
112.2,126.5,145.2,42.85714285714285,83.33333333333334,1931124.522,1869635.953,174770.0,4.2954,1.8341002044989676,2024,10
113.0,126.6454,144.3,42.85714285714285,83.33333333333334,1931124.522,1869635.953,174770.0,4.4356,1.8341002044989676,2024,11
113.9,126.6283,145.1,57.14285714285714,83.33333333333334,1931124.522,1869635.953,174770.0,4.4604,1.8341002044989676,2024,12
